{"accuracy": 0.8859999775886536, "val_accuracy": 0.8702222108840942, "loss": 0.37547311186790466, "val_loss": 0.4271942675113678}